,AESL_inst_kalman_hw_update,,module_status1.csv
,grp_estimate_fu_394,,module_status2.csv
grp_estimate_fu_394,grp_destructive_invert_matrix_fu_395,,module_status3.csv
grp_estimate_fu_394,grp_multiply_matrix_fu_409,,module_status4.csv
,grp_predict_fu_460,,module_status5.csv
,grp_init_matrix_fu_494,,module_status6.csv
,grp_init_matrix_fu_504,,module_status7.csv
,grp_init_matrix_fu_514,,module_status8.csv
,grp_init_matrix_fu_524,,module_status9.csv
,grp_init_matrix_fu_534,,module_status10.csv
,grp_init_matrix_fu_544,,module_status11.csv
,grp_init_matrix_fu_554,,module_status12.csv
,grp_init_matrix_fu_564,,module_status13.csv
,grp_init_matrix_fu_574,,module_status14.csv
,grp_init_matrix_fu_584,,module_status15.csv
,grp_init_matrix_fu_594,,module_status16.csv
,grp_init_matrix_fu_604,,module_status17.csv
,grp_init_matrix_fu_614,,module_status18.csv
